{
  "Name": "Borland Classic",
  "Description": "Classic Borland IDE blue theme",
  "Author": "RetroTerm.NET",
  "Version": "1.0",
  "BaseTheme": "dark",
  "UI": {
    "Background": "#0000AA",
    "Text": "#FFFFFF",
    "InputText": "#FFFF00",
    "ButtonBackground": "#00AAAA",
    "ButtonText": "#000000",
    "ButtonBorder": "#000000",
    "Highlight": "#00AAAA",
    "Border": "#FFFFFF",
    "StatusBarBackground": "#00AAAA",
    "StatusBarText": "#000000",
    "MenuBackground": "#C0C0C0",
    "MenuText": "#000000",
    "MenuHighlight": "#00AAAA",
    "MenuHighlightText": "#FFFFFF",
    "HotkeyText": "#FF0000",
    "ConnectedButtonBackground": "#FF0000",
    "ConnectedButtonText": "#FFFFFF",
    "DisconnectedButtonBackground": "#00AAAA",
    "DisconnectedButtonText": "#000000",
    "FunctionKeyText": "#FF0000",
    "FunctionKeyDescriptionText": "#000000"
  },
  "Terminal": {
    "Background": "#0000AA",
    "Foreground": "#C0C0C0",
    "Cursor": "#FFFFFF",
    "CursorAccent": "#000000",
    "Selection": "#00AAAA",
    "ScrollbarBackground": "#333333",
    "ScrollbarThumb": "#666666",
    "ANSI": [
      "#000000",
      "#AA0000",
      "#00AA00",
      "#AA5500",
      "#0000AA",
      "#AA00AA",
      "#00AAAA",
      "#AAAAAA",
      "#555555",
      "#FF5555",
      "#55FF55",
      "#FFFF55",
      "#5555FF",
      "#FF55FF",
      "#55FFFF",
      "#FFFFFF"
    ]
  }
}