{
    "Name": "Neon City",
    "Description": "Cyberpunk neon cityscape with pink and blue highlights",
    "Author": "RetroTerm.NET",
    "Version": "1.0",
    "BaseTheme": "dark",
    "UI": {
      "Background": "#0f0f1a",
      "Text": "#c8c8e6",
      "InputText": "#ff2cce",
      "ButtonBackground": "#1a1a2e",
      "ButtonText": "#00ccff",
      "ButtonBorder": "#ff2cce",
      "Highlight": "#ff2cce",
      "Border": "#00ccff",
      "StatusBarBackground": "#1a1a2e",
      "StatusBarText": "#00ccff",
      "MenuBackground": "#1a1a2e",
      "MenuText": "#c8c8e6",
      "MenuHighlight": "#ff2cce",
      "MenuHighlightText": "#0f0f1a",
      "HotkeyText": "#ff2cce",
      "ConnectedButtonBackground": "#00aa44",
      "ConnectedButtonText": "#0f0f1a",
      "DisconnectedButtonBackground": "#1a1a2e",
      "DisconnectedButtonText": "#00ccff",
      "FunctionKeyText": "#ff2cce",
      "FunctionKeyDescriptionText": "#00ccff"
    },
    "Terminal": {
      "Background": "#0f0f1a",
      "Foreground": "#e8e8fa",
      "Cursor": "#ff2cce",
      "CursorAccent": "#0f0f1a",
      "Selection": "#3b1a3a",
      "ScrollbarBackground": "#1a1a2e",
      "ScrollbarThumb": "#ff2cce",
      "ANSI": [
        "#0f0f1a",
        "#ff2cce",
        "#00ccff",
        "#ffcc00",
        "#3b1a3a",
        "#c74cff",
        "#00eaff",
        "#e8e8fa",
        "#414165",
        "#ff80df",
        "#80e5ff",
        "#ffdf80",
        "#673a66",
        "#d89aff",
        "#99f1ff",
        "#ffffff"
      ]
    }
  }