{
    "Name": "Cyber Cyan",
    "Description": "Cyberpunk-inspired terminal with cyan/teal color scheme",
    "Author": "RetroTerm.NET",
    "Version": "1.0",
    "BaseTheme": "dark",
    "UI": {
      "Background": "#000000",
      "Text": "#00FFFF",
      "InputText": "#00FFEE",
      "ButtonBackground": "#001111",
      "ButtonText": "#00FFFF",
      "ButtonBorder": "#00AAAA",
      "Highlight": "#003333",
      "Border": "#00AAAA",
      "StatusBarBackground": "#001111",
      "StatusBarText": "#00FFFF",
      "MenuBackground": "#001111",
      "MenuText": "#00FFFF",
      "MenuHighlight": "#003333",
      "MenuHighlightText": "#00FFEE",
      "HotkeyText": "#00FFEE",
      "ConnectedButtonBackground": "#006666",
      "ConnectedButtonText": "#00FFFF",
      "DisconnectedButtonBackground": "#001111",
      "DisconnectedButtonText": "#00FFFF",
      "FunctionKeyText": "#00FFEE",
      "FunctionKeyDescriptionText": "#00FFFF"
    },
    "Terminal": {
      "Background": "#000000",
      "Foreground": "#00FFFF",
      "Cursor": "#00FFEE",
      "CursorAccent": "#000000",
      "Selection": "#003333",
      "ScrollbarBackground": "#001111",
      "ScrollbarThumb": "#00AAAA",
      "ANSI": [
        "#000000",
        "#007777",
        "#00AAAA",
        "#00FFFF",
        "#005555",
        "#00AAAA",
        "#00FFEE",
        "#00DDDD",
        "#002222",
        "#009999",
        "#00DDDD",
        "#77FFFF",
        "#006666",
        "#00CCCC",
        "#99FFFF",
        "#CCFFFF"
      ]
    }
  }