{
  "Name": "Retro CRT Amber",
  "Description": "Classic amber monochrome CRT terminal theme with authentic retro feel",
  "Author": "SSH Terminal App",
  "Version": "1.0",
  "BaseTheme": "dark",
  "UI": {
    "Background": "#000000",
    "Text": "#FFB000",
    "InputText": "#FFB000",
    "ButtonBackground": "#000000",
    "ButtonText": "#FFB000",
    "ButtonBorder": "#FFB000",
    "Highlight": "#FFB000",
    "Border": "#FFB000",
    "StatusBarBackground": "#000000",
    "StatusBarText": "#FFB000",
    "MenuBackground": "#000000",
    "MenuText": "#FFB000",
    "MenuHighlight": "#222200",
    "MenuHighlightText": "#FFB000",
    "HotkeyText": "#FFB000",
    "ConnectedButtonBackground": "#AA5500",
    "ConnectedButtonText": "#000000",
    "DisconnectedButtonBackground": "#000000",
    "DisconnectedButtonText": "#FFB000",
    "FunctionKeyText": "#FF9900",
    "FunctionKeyDescriptionText": "#FFB000"
  },
  "Terminal": {
    "Background": "#000000",
    "Foreground": "#FFB000",
    "Cursor": "#FFB000",
    "CursorAccent": "#000000",
    "Selection": "#444400",
    "ScrollbarBackground": "#000000",
    "ScrollbarThumb": "#FFB000",
    "ANSI": [
      "#000000",
      "#FFB000",
      "#00FF00",
      "#FFB000",
      "#FFB000",
      "#FFB000",
      "#FFB000",
      "#FFB000",
      "#996600",
      "#FFB000",
      "#00FF00",
      "#FFCC00",
      "#FFB000",
      "#FFB000",
      "#FFB000",
      "#FFCC00"
    ]
  }
}