{
    "Name": "DOOM Terminal",
    "Description": "Theme inspired by the classic DOOM game interface",
    "Author": "RetroTerm.NET",
    "Version": "1.0",
    "BaseTheme": "dark",
    "UI": {
      "Background": "#210000",
      "Text": "#AA5500",
      "InputText": "#FF8800",
      "ButtonBackground": "#3A0000",
      "ButtonText": "#FF7700",
      "ButtonBorder": "#880000",
      "Highlight": "#FF0000",
      "Border": "#880000",
      "StatusBarBackground": "#3A0000",
      "StatusBarText": "#FF7700",
      "MenuBackground": "#3A0000",
      "MenuText": "#AA5500",
      "MenuHighlight": "#FF0000",
      "MenuHighlightText": "#FFCC00",
      "HotkeyText": "#FF0000",
      "ConnectedButtonBackground": "#880000",
      "ConnectedButtonText": "#FFCC00",
      "DisconnectedButtonBackground": "#3A0000",
      "DisconnectedButtonText": "#FF7700",
      "FunctionKeyText": "#FF0000",
      "FunctionKeyDescriptionText": "#FF7700"
    },
    "Terminal": {
      "Background": "#000000",
      "Foreground": "#FF7700",
      "Cursor": "#FF0000",
      "CursorAccent": "#000000",
      "Selection": "#550000",
      "ScrollbarBackground": "#3A0000",
      "ScrollbarThumb": "#880000",
      "ANSI": [
        "#000000",
        "#AA0000",
        "#AA5500",
        "#FF7700",
        "#550000",
        "#FF0000",
        "#FFAA00",
        "#FFCC00",
        "#3A0000",
        "#FF3333",
        "#DD7700",
        "#FFAA55",
        "#880000",
        "#FF5555",
        "#FFCC77",
        "#FFDDAA"
      ]
    }
  }