{
    "Name": "DOS Monochrome",
    "Description": "Classic black and white monochrome DOS terminal",
    "Author": "SSH Terminal App",
    "Version": "1.0",
    "BaseTheme": "dark",
    "UI": {
      "Background": "#000000",
      "Text": "#FFFFFF",
      "InputText": "#FFFFFF",
      "ButtonBackground": "#000000",
      "ButtonText": "#FFFFFF",
      "ButtonBorder": "#FFFFFF",
      "Highlight": "#FFFFFF",
      "Border": "#FFFFFF",
      "StatusBarBackground": "#000000",
      "StatusBarText": "#FFFFFF",
      "MenuBackground": "#000000",
      "MenuText": "#FFFFFF",
      "MenuHighlight": "#444444",
      "MenuHighlightText": "#FFFFFF",
      "HotkeyText": "#FFFFFF",
      "ConnectedButtonBackground": "#FFFFFF",
      "ConnectedButtonText": "#000000",
      "DisconnectedButtonBackground": "#000000",
      "DisconnectedButtonText": "#FFFFFF",
      "FunctionKeyText": "#FFFFFF",
      "FunctionKeyDescriptionText": "#FFFFFF"
    },
    "Terminal": {
      "Background": "#000000",
      "Foreground": "#FFFFFF",
      "Cursor": "#FFFFFF",
      "CursorAccent": "#000000",
      "Selection": "#555555",
      "ScrollbarBackground": "#000000",
      "ScrollbarThumb": "#FFFFFF",
      "ANSI": [
        "#000000",
        "#FFFFFF",
        "#FFFFFF",
        "#FFFFFF",
        "#FFFFFF",
        "#FFFFFF",
        "#FFFFFF",
        "#FFFFFF",
        "#555555",
        "#FFFFFF",
        "#FFFFFF",
        "#FFFFFF",
        "#FFFFFF",
        "#FFFFFF",
        "#FFFFFF",
        "#FFFFFF"
      ]
    }
  }