{
    "Name": "Nord",
    "Description": "Arctic, north-bluish color palette",
    "Author": "RetroTerm.NET",
    "Version": "1.0",
    "BaseTheme": "dark",
    "UI": {
      "Background": "#2e3440",
      "Text": "#d8dee9",
      "InputText": "#eceff4",
      "ButtonBackground": "#3b4252",
      "ButtonText": "#e5e9f0",
      "ButtonBorder": "#4c566a",
      "Highlight": "#88c0d0",
      "Border": "#4c566a",
      "StatusBarBackground": "#3b4252",
      "StatusBarText": "#e5e9f0",
      "MenuBackground": "#3b4252",
      "MenuText": "#e5e9f0",
      "MenuHighlight": "#81a1c1",
      "MenuHighlightText": "#2e3440",
      "HotkeyText": "#bf616a",
      "ConnectedButtonBackground": "#bf616a",
      "ConnectedButtonText": "#eceff4",
      "DisconnectedButtonBackground": "#3b4252",
      "DisconnectedButtonText": "#e5e9f0",
      "FunctionKeyText": "#bf616a",
      "FunctionKeyDescriptionText": "#d8dee9"
    },
    "Terminal": {
      "Background": "#2e3440",
      "Foreground": "#d8dee9",
      "Cursor": "#d8dee9",
      "CursorAccent": "#2e3440",
      "Selection": "#4c566a",
      "ScrollbarBackground": "#3b4252",
      "ScrollbarThumb": "#81a1c1"
    }
  }