{
    "Name": "Digital Decay",
    "Description": "Dystopian cyberpunk theme with CRT effects and amber accents",
    "Author": "RetroTerm.NET",
    "Version": "1.0",
    "BaseTheme": "dark",
    "UI": {
      "Background": "#151515",
      "Text": "#a8a89c",
      "InputText": "#d5a83b",
      "ButtonBackground": "#222222",
      "ButtonText": "#d5a83b",
      "ButtonBorder": "#414437",
      "Highlight": "#d5a83b",
      "Border": "#414437",
      "StatusBarBackground": "#222222",
      "StatusBarText": "#d5a83b",
      "MenuBackground": "#222222",
      "MenuText": "#a8a89c",
      "MenuHighlight": "#d5a83b",
      "MenuHighlightText": "#151515",
      "HotkeyText": "#d46c18",
      "ConnectedButtonBackground": "#7e4a18",
      "ConnectedButtonText": "#151515",
      "DisconnectedButtonBackground": "#222222",
      "DisconnectedButtonText": "#d5a83b",
      "FunctionKeyText": "#d46c18",
      "FunctionKeyDescriptionText": "#a8a89c"
    },
    "Terminal": {
      "Background": "#151515",
      "Foreground": "#d5a83b",
      "Cursor": "#d46c18",
      "CursorAccent": "#151515",
      "Selection": "#413622",
      "ScrollbarBackground": "#222222",
      "ScrollbarThumb": "#d5a83b",
      "ANSI": [
        "#151515",
        "#bd3f1c",
        "#727044",
        "#d5a83b",
        "#4c3b29",
        "#d46c18",
        "#8e7a45",
        "#a8a89c",
        "#303030",
        "#e05932",
        "#8c8a52",
        "#f0c850",
        "#6b5539",
        "#ff8e38",
        "#c0a775",
        "#e8e8d8"
      ]
    }
  }