{
    "Name": "Gruvbox Dark",
    "Description": "Retro groove color scheme",
    "Author": "RetroTerm.NET",
    "Version": "1.0",
    "BaseTheme": "dark",
    "UI": {
      "Background": "#282828",
      "Text": "#ebdbb2",
      "InputText": "#fbf1c7",
      "ButtonBackground": "#3c3836",
      "ButtonText": "#ebdbb2",
      "ButtonBorder": "#504945",
      "Highlight": "#83a598",
      "Border": "#504945",
      "StatusBarBackground": "#3c3836",
      "StatusBarText": "#ebdbb2",
      "MenuBackground": "#3c3836",
      "MenuText": "#ebdbb2",
      "MenuHighlight": "#83a598",
      "MenuHighlightText": "#282828",
      "HotkeyText": "#fb4934",
      "ConnectedButtonBackground": "#cc241d",
      "ConnectedButtonText": "#fbf1c7",
      "DisconnectedButtonBackground": "#3c3836",
      "DisconnectedButtonText": "#ebdbb2",
      "FunctionKeyText": "#fb4934",
      "FunctionKeyDescriptionText": "#ebdbb2"
    },
    "Terminal": {
      "Background": "#282828",
      "Foreground": "#ebdbb2",
      "Cursor": "#fbf1c7",
      "CursorAccent": "#282828",
      "Selection": "#504945",
      "ScrollbarBackground": "#3c3836",
      "ScrollbarThumb": "#504945"
    }
  }