{
  "Name": "Matrix Terminal",
  "Description": "Cyberpunk-inspired terminal with Matrix-like appearance",
  "Author": "SSH Terminal App",
  "Version": "1.0",
  "BaseTheme": "dark",
  "UI": {
    "Background": "#000000",
    "Text": "#00FF00",
    "InputText": "#00FF66",
    "ButtonBackground": "#001100",
    "ButtonText": "#00FF00",
    "ButtonBorder": "#00AA00",
    "Highlight": "#003300",
    "Border": "#00AA00",
    "StatusBarBackground": "#001100",
    "StatusBarText": "#00FF00",
    "MenuBackground": "#001100",
    "MenuText": "#00FF00",
    "MenuHighlight": "#003300",
    "MenuHighlightText": "#00FF66",
    "HotkeyText": "#00FF66",
    "ConnectedButtonBackground": "#006600",
    "ConnectedButtonText": "#00FF00",
    "DisconnectedButtonBackground": "#001100",
    "DisconnectedButtonText": "#00FF00",
    "FunctionKeyText": "#00FF66",
    "FunctionKeyDescriptionText": "#00FF00"
  },
  "Terminal": {
    "Background": "#000000",
    "Foreground": "#00FF00",
    "Cursor": "#00FF66",
    "CursorAccent": "#000000",
    "Selection": "#003300",
    "ScrollbarBackground": "#001100",
    "ScrollbarThumb": "#00AA00",
    "ANSI": [
      "#000000",
      "#007700",
      "#00AA00",
      "#00FF00",
      "#005500",
      "#00AA55",
      "#00FF55",
      "#00DD00",
      "#002200",
      "#009900",
      "#00DD00",
      "#00FF77",
      "#006600",
      "#00AA77",
      "#00DD77",
      "#00FF99"
    ]
  }
}